{
  "countries": {
    "Asia": {
      "South Asia": [
        {"name": "India", "code": "IN", "states": ["Andhra Pradesh", "Arunachal Pradesh", "Assam", "Bihar", "Chhattisgarh", "Goa", "Gujarat", "Haryana", "Himachal Pradesh", "Jharkhand", "Karnataka", "Kerala", "Madhya Pradesh", "Maharashtra", "Manipur", "Meghalaya", "Mizoram", "Nagaland", "Odisha", "Punjab", "Rajasthan", "Sikkim", "Tamil Nadu", "Telangana", "Tripura", "Uttar Pradesh", "Uttarakhand", "West Bengal", "Delhi", "Chandigarh", "Jammu and Kashmir", "Ladakh"]},
        {"name": "Pakistan", "code": "PK", "states": ["Punjab", "Sindh", "Khyber Pakhtunkhwa", "Balochistan", "Islamabad"]},
        {"name": "Bangladesh", "code": "BD", "states": ["Dhaka", "Chittagong", "Rajshahi", "Khulna", "Sylhet", "Rangpur", "Mymensingh", "Barisal"]},
        {"name": "Sri Lanka", "code": "LK", "states": ["Western", "Central", "Southern", "Northern", "Eastern"]},
        {"name": "Nepal", "code": "NP", "states": ["Province 1", "Madhesh", "Bagmati", "Gandaki", "Lumbini", "Karnali", "Sudurpashchim"]},
        {"name": "Bhutan", "code": "BT", "states": []},
        {"name": "Maldives", "code": "MV", "states": []}
      ],
      "Middle East": [
        {"name": "United Arab Emirates", "code": "AE", "states": ["Abu Dhabi", "Dubai", "Sharjah", "Ajman", "Ras Al Khaimah", "Fujairah", "Umm Al Quwain"]},
        {"name": "Saudi Arabia", "code": "SA", "states": ["Riyadh", "Makkah", "Madinah", "Eastern Province", "Asir", "Jizan"]},
        {"name": "Qatar", "code": "QA", "states": []},
        {"name": "Kuwait", "code": "KW", "states": []},
        {"name": "Bahrain", "code": "BH", "states": []},
        {"name": "Oman", "code": "OM", "states": []},
        {"name": "Jordan", "code": "JO", "states": []},
        {"name": "Lebanon", "code": "LB", "states": []},
        {"name": "Israel", "code": "IL", "states": []},
        {"name": "Iran", "code": "IR", "states": ["Tehran", "Isfahan", "Shiraz", "Mashhad"]},
        {"name": "Iraq", "code": "IQ", "states": []},
        {"name": "Yemen", "code": "YE", "states": []},
        {"name": "Turkey", "code": "TR", "states": ["Istanbul", "Ankara", "Izmir", "Bursa", "Antalya"]}
      ],
      "Southeast Asia": [
        {"name": "Singapore", "code": "SG", "states": []},
        {"name": "Malaysia", "code": "MY", "states": ["Kuala Lumpur", "Selangor", "Penang", "Johor", "Sabah", "Sarawak"]},
        {"name": "Indonesia", "code": "ID", "states": ["Jakarta", "Java", "Sumatra", "Bali", "Kalimantan"]},
        {"name": "Thailand", "code": "TH", "states": ["Bangkok", "Chiang Mai", "Phuket"]},
        {"name": "Philippines", "code": "PH", "states": ["Metro Manila", "Cebu", "Davao"]},
        {"name": "Vietnam", "code": "VN", "states": ["Ho Chi Minh City", "Hanoi", "Da Nang"]},
        {"name": "Myanmar", "code": "MM", "states": []},
        {"name": "Cambodia", "code": "KH", "states": []}
      ],
      "East Asia": [
        {"name": "China", "code": "CN", "states": ["Beijing", "Shanghai", "Guangdong", "Zhejiang", "Jiangsu"]},
        {"name": "Japan", "code": "JP", "states": ["Tokyo", "Osaka", "Kyoto", "Hokkaido"]},
        {"name": "South Korea", "code": "KR", "states": ["Seoul", "Busan", "Incheon"]},
        {"name": "Hong Kong", "code": "HK", "states": []},
        {"name": "Taiwan", "code": "TW", "states": []}
      ]
    },
    "Europe": {
      "Western Europe": [
        {"name": "United Kingdom", "code": "GB", "states": ["England", "Scotland", "Wales", "Northern Ireland"]},
        {"name": "Germany", "code": "DE", "states": ["Berlin", "Bavaria", "North Rhine-Westphalia", "Baden-Württemberg"]},
        {"name": "France", "code": "FR", "states": ["Île-de-France", "Provence", "Occitanie"]},
        {"name": "Netherlands", "code": "NL", "states": ["North Holland", "South Holland"]},
        {"name": "Belgium", "code": "BE", "states": []},
        {"name": "Switzerland", "code": "CH", "states": ["Zurich", "Geneva", "Bern"]},
        {"name": "Austria", "code": "AT", "states": []},
        {"name": "Ireland", "code": "IE", "states": []}
      ],
      "Southern Europe": [
        {"name": "Spain", "code": "ES", "states": ["Madrid", "Catalonia", "Andalusia", "Valencia"]},
        {"name": "Italy", "code": "IT", "states": ["Lombardy", "Lazio", "Campania", "Sicily"]},
        {"name": "Portugal", "code": "PT", "states": []},
        {"name": "Greece", "code": "GR", "states": []}
      ],
      "Northern Europe": [
        {"name": "Sweden", "code": "SE", "states": []},
        {"name": "Norway", "code": "NO", "states": []},
        {"name": "Denmark", "code": "DK", "states": []},
        {"name": "Finland", "code": "FI", "states": []}
      ],
      "Eastern Europe": [
        {"name": "Poland", "code": "PL", "states": []},
        {"name": "Russia", "code": "RU", "states": ["Moscow", "Saint Petersburg"]},
        {"name": "Ukraine", "code": "UA", "states": []},
        {"name": "Czech Republic", "code": "CZ", "states": []},
        {"name": "Romania", "code": "RO", "states": []},
        {"name": "Hungary", "code": "HU", "states": []}
      ]
    },
    "Americas": {
      "North America": [
        {"name": "United States", "code": "US", "states": ["California", "Texas", "New York", "Florida", "Illinois", "New Jersey", "Georgia", "Pennsylvania", "Ohio", "Michigan", "Virginia", "Washington", "Massachusetts", "Arizona", "Colorado", "North Carolina", "Maryland"]},
        {"name": "Canada", "code": "CA", "states": ["Ontario", "British Columbia", "Alberta", "Quebec", "Manitoba"]},
        {"name": "Mexico", "code": "MX", "states": []}
      ],
      "South America": [
        {"name": "Brazil", "code": "BR", "states": ["São Paulo", "Rio de Janeiro", "Minas Gerais"]},
        {"name": "Argentina", "code": "AR", "states": []},
        {"name": "Colombia", "code": "CO", "states": []},
        {"name": "Chile", "code": "CL", "states": []},
        {"name": "Peru", "code": "PE", "states": []}
      ],
      "Caribbean": [
        {"name": "Trinidad and Tobago", "code": "TT", "states": []},
        {"name": "Jamaica", "code": "JM", "states": []},
        {"name": "Guyana", "code": "GY", "states": []},
        {"name": "Suriname", "code": "SR", "states": []}
      ]
    },
    "Africa": {
      "North Africa": [
        {"name": "Egypt", "code": "EG", "states": ["Cairo", "Alexandria", "Giza"]},
        {"name": "Morocco", "code": "MA", "states": []},
        {"name": "Algeria", "code": "DZ", "states": []},
        {"name": "Tunisia", "code": "TN", "states": []},
        {"name": "Libya", "code": "LY", "states": []}
      ],
      "East Africa": [
        {"name": "Kenya", "code": "KE", "states": ["Nairobi", "Mombasa"]},
        {"name": "Tanzania", "code": "TZ", "states": []},
        {"name": "Ethiopia", "code": "ET", "states": []},
        {"name": "Uganda", "code": "UG", "states": []},
        {"name": "Rwanda", "code": "RW", "states": []}
      ],
      "West Africa": [
        {"name": "Nigeria", "code": "NG", "states": ["Lagos", "Abuja", "Kano"]},
        {"name": "Ghana", "code": "GH", "states": []},
        {"name": "Senegal", "code": "SN", "states": []},
        {"name": "Ivory Coast", "code": "CI", "states": []}
      ],
      "Southern Africa": [
        {"name": "South Africa", "code": "ZA", "states": ["Gauteng", "Western Cape", "KwaZulu-Natal"]},
        {"name": "Zimbabwe", "code": "ZW", "states": []},
        {"name": "Botswana", "code": "BW", "states": []},
        {"name": "Namibia", "code": "NA", "states": []},
        {"name": "Mauritius", "code": "MU", "states": []}
      ]
    },
    "Oceania": {
      "Australia & New Zealand": [
        {"name": "Australia", "code": "AU", "states": ["New South Wales", "Victoria", "Queensland", "Western Australia", "South Australia"]},
        {"name": "New Zealand", "code": "NZ", "states": ["Auckland", "Wellington", "Canterbury"]}
      ],
      "Pacific Islands": [
        {"name": "Fiji", "code": "FJ", "states": []},
        {"name": "Papua New Guinea", "code": "PG", "states": []}
      ]
    }
  },
  "flatList": [
    "Afghanistan", "Albania", "Algeria", "Argentina", "Armenia", "Australia", "Austria", "Azerbaijan",
    "Bahrain", "Bangladesh", "Belarus", "Belgium", "Bhutan", "Bolivia", "Bosnia and Herzegovina", "Botswana", "Brazil", "Brunei", "Bulgaria",
    "Cambodia", "Cameroon", "Canada", "Chile", "China", "Colombia", "Costa Rica", "Croatia", "Cuba", "Cyprus", "Czech Republic",
    "Denmark", "Dominican Republic",
    "Ecuador", "Egypt", "El Salvador", "Estonia", "Ethiopia",
    "Fiji", "Finland", "France",
    "Georgia", "Germany", "Ghana", "Greece", "Guatemala", "Guyana",
    "Haiti", "Honduras", "Hong Kong", "Hungary",
    "Iceland", "India", "Indonesia", "Iran", "Iraq", "Ireland", "Israel", "Italy", "Ivory Coast",
    "Jamaica", "Japan", "Jordan",
    "Kazakhstan", "Kenya", "Kuwait", "Kyrgyzstan",
    "Laos", "Latvia", "Lebanon", "Libya", "Lithuania", "Luxembourg",
    "Macedonia", "Madagascar", "Malaysia", "Maldives", "Mali", "Malta", "Mauritius", "Mexico", "Moldova", "Mongolia", "Morocco", "Mozambique", "Myanmar",
    "Namibia", "Nepal", "Netherlands", "New Zealand", "Nicaragua", "Nigeria", "Norway",
    "Oman",
    "Pakistan", "Palestine", "Panama", "Papua New Guinea", "Paraguay", "Peru", "Philippines", "Poland", "Portugal",
    "Qatar",
    "Romania", "Russia", "Rwanda",
    "Saudi Arabia", "Senegal", "Serbia", "Singapore", "Slovakia", "Slovenia", "Somalia", "South Africa", "South Korea", "Spain", "Sri Lanka", "Sudan", "Suriname", "Sweden", "Switzerland", "Syria",
    "Taiwan", "Tajikistan", "Tanzania", "Thailand", "Trinidad and Tobago", "Tunisia", "Turkey", "Turkmenistan",
    "Uganda", "Ukraine", "United Arab Emirates", "United Kingdom", "United States", "Uruguay", "Uzbekistan",
    "Venezuela", "Vietnam",
    "Yemen",
    "Zambia", "Zimbabwe"
  ],
  "metadata": {
    "version": "1.0",
    "lastUpdated": "2025-12-07"
  }
}

